source,legacy_token,role,legacy_light,legacy_dark,target,action,decision,note
Web·App,Color 1 [Back],фон страницы,,#0a0a0a,surface/level-0,Keep,,
Web·App,Color 7 [Back],,,#0a0a0a,surface/level-0,Deprecate,Этап 1: 0 потребителей,дубль Color 1
Web·App,Color 2 [Back],карточка,,#111111,surface/level-1,Keep,D-levels,
Web·App,Color 6 [Back],,,#111111,surface/level-1,Deprecate,Этап 1: 0 потребителей,дубль Color 2
Web·App,Color 3 [Back],вложенная плашка / контрол на карточке,,#1a1a1a,surface/level-2,Split,D-levels,контрол на уровень выше подложки
Web·App,Color 3 [Back],поповер / меню,,#1a1a1a,surface/raised,Split,,
Web·App,Color 35 [Back],hover,,#232323,state/layer@6,Split,D-state,
Web·App,Color 35 [Back],плашка (бейдж / трек),,#232323,surface/level-3,Split,D-levels,
Web·App,Color 4 [Back],pressed,,#2d2d2d,state/layer@10,Split,D-state,
Web·App,Color 4 [Back],дорожка (toggle / slider / progress),,#2d2d2d,control/track,Split,D-alpha,
Web·App,Disabled / Inactive [Back],,,#1a1a1a,control/surface/disabled,Merge,D-disabled,
Web·App,Color 1 [Text],,,#fafafa,text/primary,Keep,,
Web·App,Color 2 [Text],,,#d0d0d0,text/secondary,Merge,Этап 1: почти не используется,сливается со ступенью Color 3
Web·App,Color 3 [Text],,,#a3a3a3,text/secondary,Keep,D-alpha-text,было → tertiary; обе используемые ступени (3 и 4) сохраняем
Web·App,Color 4 [Text],,,#7a7a7a,text/tertiary,Keep,D-alpha-text,
Web·App,Color 5 [Text],,,#4d4d4d,text/disabled,Keep,D-disabled,
Web·App,Brand,заливка,,#8f42ff,action/primary/default,Split,,
Web·App,Brand,отмеченный контрол,,#8f42ff,control/checked,Split,,
Web·App,Brand,текст / иконка,,#8f42ff,text/accent,Split,D-contrast,
Web·App,Brand fill hover,,,#6724b1,action/primary/default+layer@6,Deprecate,D-state,action/primary/hover — кандидат deprecated
Web·App,Brand hover,,,#ac63fc,text/accent,Merge,,
Web·App,Brand light,,,#c18afd,text/link-hover,Keep,,
Web·App,Brand disable,,,#2c0754,action/disabled,Merge,D-disabled,
Web·App,Error / Red [Main],,,#e53935,status/danger/solid,Keep,,
Web·App,Error hover / Red [Hover],кнопка danger,,#be2f2b,action/danger/default,Keep,D-contrast,белый текст ≥ 4.5
Web·App,Error disabled / Red [Disabled],,,#972421,action/disabled,Merge,D-disabled,есть в App (6)
Web·App,Error back / Red [Back],,,#350a09,status/danger/subtle,Merge,D-status-subtle,
Web·App,Error back 2 / Red [Back] 2,,,#480f0e,status/danger/subtle,Merge,D-status-subtle,
Web·App,Error secondary text / Red [Secondary text],,,#be2f2b,text/danger,Keep,D-contrast,см. П1 (контраст на L1–L3)
Web·App,Success / Green [Main],,,#43a047,status/success/solid,Keep,,
Web·App,Success hover / Green [Hover],,,#38823b,action/success/default+layer@6,Deprecate,D-state,
Web·App,Success back / Green [Back],,,#112412,status/success/subtle,Merge,D-status-subtle,
Web·App,Success back 2 / Green [Back] 2,,,#173318,status/success/subtle,Merge,D-status-subtle,
Web·App,Success secondary text / Green [Secondary text],,,#38823b,text/success,Keep,D-contrast,
Web·App,Attention / Orange [Main],,,#f59e0b,status/warning/solid,Keep,,
Web·App,Attention hover,,,#c68009,status/warning/solid+layer@6,Deprecate,D-state,
Web·App,Attention back / Orange [back],,,#221601,status/warning/subtle,Merge,D-status-subtle,
Web·App,Attention back 2 / Orange [back] 2,,,#3a2502,status/warning/subtle,Merge,D-status-subtle,
Web·App,Attention secondary text / Orange [secondary text],,,#976207,text/warning,Keep,D-contrast,
Web·App,accent base,,,#ebff00,highlight/solid,Keep,,текст на нём — text/on-highlight
Web·App,accent soft,,,#f6fe9e,,Deprecate,Этап 1: 0 потребителей,
Web·App,accent bold,,,#9d8701,,Deprecate,Этап 1: 0 потребителей,
Web·App,accent background,,,#231f00,highlight/subtle,Deprecate,Этап 1: 0 потребителей,цель — если найдётся потребитель
Web·App,theme · surface/base,обводка плашек и карточек,,#d0d0d012,border/subtle,Split,D-alpha,
Web·App,theme · surface/base,граница контрола (checkbox / radio),,#d0d0d012,border/strong,Split,WCAG 1.4.11,граница — единственный признак контрола → ≥ 3:1
Web·App,theme · divider/base,,,#d0d0d012,border/subtle,Keep,D-alpha,
Web·App,Main [Primary],сайт,,,action/primary/default,Merge,,значение уточнить (Website)
App,Back [Primary] 2,бейдж brand,,,accent/subtle,Keep,,значение в DS App уточнить
Core,Alias · Background/Color default,,,#0a0a0a,surface/level-0,Merge,,
Core,Alias · Background/Shade color default,,,#232323,surface/level-3,Merge,D-levels,
Core,Alias · Divider/Color default,,,#232323,border/subtle,Merge,D-alpha,
Core,Alias · Monochrome/Color default,,,#fafafa,icon/primary,Merge,,
Core,Alias · Monochrome/Color disable,заливка disabled,,#232323,action/disabled,Merge,D-disabled,
Core,Alias · Text/Color disable,,,,text/disabled,Merge,,значение не снято
Core,Alias · Text/Color primary default,,,,text/primary,Merge,,значение не снято
Core,Alias · Text/Color primary invert default,,,,text/inverse,Merge,,значение не снято
Core,Alias · Background/Shade color hover,,,,state/layer@6,Merge,D-state,значение не снято
Core,Alias · Text/Color secondary default,,,,text/secondary,Merge,,значение не снято
Core,Alias · Brand/Color default,,,,action/primary/default,Merge,,значение не снято
Core,Alias · Brand/Color disable,,,,action/disabled,Merge,D-disabled,значение не снято
Core,Alias · Success/Color default,,,,status/success/solid,Merge,,значение не снято
Core,Alias · Background/Color accent,,,,,Conflict,,роль не ясна — смотреть экраны
Core,Alias · Background/Color focus,,,,,Conflict,,роль не ясна — смотреть экраны
Core,Basic color · Neutral/* напрямую,сырые примитивы на экранах,,,по роли слоя,Rebind,,этап 2 — перепривязка по роли
Core,Basic color · Green / Red / Amber/* напрямую,бейджи / транзакции,,,status/*/subtle | solid,Rebind,,этап 2
Core,Basic color · Yellow/500,,,#ebff00,highlight/solid,Rebind,,
Core,Alias · Inactive/Color default,,,,action/disabled,Merge,D-disabled,значение не снято
WL B2B,WL B2B · pallete/gray/0,текст,#1a1a1a,,text/primary,Merge,,локальная палитра WL (Day)
WL B2B,WL B2B · pallete/gray/50,,#242424,,text/primary,Merge,,
WL B2B,WL B2B · pallete/gray/300,вторичный текст / плейсхолдер,#999999,,text/tertiary,Merge,D-alpha-text,роль подтвердить на экранах
WL B2B,WL B2B · pallete/gray/400,,#b4b4b4,,text/disabled,Merge,D-disabled,роль подтвердить (disabled или иконки)
WL B2B,WL B2B · pallete/gray/500,,#cbcbcb,,control/border/hover,Merge,D-alpha,роль подтвердить
WL B2B,WL B2B · pallete/gray/600,обводка,#dedede,,border/default,Merge,D-alpha,
WL B2B,WL B2B · pallete/gray/700,,#ececec,,surface/level-2,Merge,D-levels,
WL B2B,WL B2B · pallete/gray/800,фон,#f7f7f7,,surface/level-1,Merge,D-levels,
WL B2B,WL B2B · pallete/gray/900,,#fdfdfd,,surface/level-0,Merge,,
WL B2B,WL B2B · pallete/white/900,,#ffffff,,surface/level-0,Merge,,
WL B2B,WL B2B · pallete/violet/200,,#8e42ff,,action/primary/default,Merge,,
WL B2B,WL B2B · pallete/*-300 (9 серий графиков),графики,,,data/1…8,Rebind,,этап 2: серии по порядку; 9-я — подписи / штрихи
WL B2B,WL B2B · pallete/red/200,,#e53733,,status/danger/solid,Merge,,
WL B2B,WL B2B · pallete/orange/200,,#f59f0b,,status/warning/solid,Merge,,
WL B2B,WL B2B · pallete/green/300,,#45a148,,status/success/solid,Merge,,
WL B2B,WL B2B · pallete/*-600…800 (тинты),тинты статусов / тегов,,,status/*/subtle,Rebind,,этап 2: по роли
Geo,Geo · S/Text/Primary,,#181818,#ffffff,text/primary,Merge,,локальная коллекция Geometria Web (Collection 1)
Geo,Geo · S/Text/Tertiary,,#71727c,#71727c,text/tertiary,Merge,D-alpha-text,
Geo,Geo · S/Text/Placeholder,,#a2a2a2,#a2a2a2,text/tertiary,Merge,D-alpha-text,
Geo,Geo · C/Input/Placeholder,,#a2a2a2,,text/tertiary,Merge,D-alpha-text,
Geo,Geo · S/Text/Link,,#1470ff,#1470ff,text/link,Merge,D-contrast,
Geo,Geo · S/Border/Primary,,#ececec,#1f1f1f,border/subtle,Merge,D-alpha,
Geo,Geo · S/Border/Secondary,,#c4c4c4,#282828,border/default,Merge,D-alpha,
Geo,Geo · S/Border/Link,,#1470ff,#1470ff,border/accent,Merge,,
Geo,Geo · S/Background/Primary,,#ffffff,#181818,surface/level-0,Merge,D-levels,
Geo,Geo · S/Background/Secondary,,#fafafa,#1f1f1f,surface/level-1,Merge,D-levels,
Geo,Geo · S/Background/Tertiary,,#ececec,#282828,surface/level-2,Merge,D-levels,
Geo,Geo · C/Input/Border,,#ececec,,control/border/default,Merge,D-alpha,
Geo,Geo · C/Input/Background-White,,#fafafa,,control/surface/default,Merge,,
Geo,Geo · C/Input/Text,,#181818,,text/primary,Merge,,
Geo,Geo · C/Input/Icon,,#5a5a5a,,icon/secondary,Merge,D-alpha-text,
Geo,Geo · C/Button/Primary/Background,,#1470ff,,action/primary/default,Merge,D-contrast,Geo accent/solid = 600 (белый текст ≥ 4.5)
Geo,Geo · C/Button/Primary/Text,,#ffffff,,text/on-accent,Merge,,
Geo,Geo · C/Button/Tertiary/Background,,#ececec,,action/secondary/default,Merge,D-alpha,Button · Tertiary
Geo,Geo · C/Button/Tertiary/Text,,#181818,,text/primary,Merge,,
Geo,Geo · C/Button/Tertiary/Icon,,#5a5a5a,,icon/secondary,Merge,D-alpha-text,
Geo,Geo · S/Icon/Tertiary,,#5a5a5a,#a2a2a2,icon/secondary,Merge,D-alpha-text,
Geo,Geo · S/Icon/Quantertiary,,#a2a2a2,#a2a2a2,icon/tertiary,Merge,D-alpha-text,
Geo,Geo · S/Icon/Quinary,,#1470ff,#1470ff,icon/accent,Merge,D-contrast,
Geo,Geo · C/Logo/Fill,,#181818,,icon/primary,Merge,,логотип — контент; проверить
Geo,Geo · S/Status/Success,,#009945,#009945,status/success/solid,Merge,,статусы системные — у Geo был брендовый зелёный
Geo,Geo · S/Status/Danger,,#ff5f6e,#ff5f6e,status/danger/solid,Merge,,статусы системные
Geo,Geo · C/Modal/Overlay,,#00000080,,surface/overlay,Merge,,
Geo,Geo · Pallete/Semantic/* (копия legacy Color),,,,как строки Web·App,Deprecate,,локальная копия — мапится как legacy
Geo,Geo · Variable collection/* (Black / Green / Bright white / Electric Blue),,,,по роли слоя,Rebind,,этап 2
Product,Monitoring · pallete/violet/200,,,#8e42ff,action/primary/default,Deprecate,,локальный дубль Brand
Product,Monitoring · pallete/red/200,,,#e53733,status/danger/solid,Deprecate,,локальный дубль
Product,Monitoring · pallete/orange/200,,,#f59f0b,status/warning/solid,Deprecate,,локальный дубль
Product,Monitoring · pallete/green/300,,,#45a148,status/success/solid,Deprecate,,локальный дубль
Product,Monitoring · Collection 1/Color 1 [Text],,,#fafafa,text/primary,Deprecate,,локальный дубль
Product,Web App · Text Color 3,,,,text/secondary,Deprecate,,локальный дубль
Product,Color · border (Web App / Monitoring),,,,,Conflict,,в DS Web / App такого нет — уточнить источник
Site,text/neutral/base,,#000000,#f5f5f5,text/primary,Keep,,
Site,text/neutral/nbold-1,,#7a7a7a,#b9b9b9,text/secondary,Keep,D-alpha-text,
Site,text/neutral/nbold-2,,#a3a3a3,#a3a3a3,text/tertiary,Keep,D-alpha-text,
Site,text/neutral/nbold-3,,#b9b9b9,#7a7a7a,text/disabled,Keep,D-disabled,
Site,text/neutral/nbold-4,,#e0e0e0,#1a1a1a,text/disabled,Merge,D-disabled,почти невидимый текст
Site,text/fixed/white,,#ffffff,#ffffff,fixed/light,Keep,,
Site,text/fixed/black,,#000000,#000000,fixed/dark,Keep,,
Site,icon/neutral/base,,#000000,#ffffff,icon/primary,Keep,,
Site,icon/neutral/nbold-1,,#7a7a7a,#f5f5f5,icon/secondary,Keep,D-alpha-text,
Site,icon/neutral/nbold-2,,#a3a3a3,#e0e0e0,icon/tertiary,Keep,D-alpha-text,
Site,icon/neutral/nbold-3 · nbold-4,,#b9b9b9,#e0e0e0,icon/disabled,Merge,D-disabled,
Site,icon/fixed/white,,#ffffff,#ffffff,fixed/light,Keep,,
Site,icon/fixed/black,,#000000,#000000,fixed/dark,Keep,,
Site,icon/brand/base,,#8f42ff,#8f42ff,icon/accent,Keep,D-contrast,
Site,icon/brand/bold-1,,#7f30d6,#ac63fc,icon/accent,Merge,D-contrast,
Site,border/neutral/nbold-1,,#e0e0e0,#2d2d2d,border/default,Keep,D-alpha,
Site,border/neutral/nbold-2,,#f5f5f5,#1a1a1a,border/subtle,Keep,D-alpha,
Site,border/neutral/basic,,#000000,#f5f5f5,border/inverse,Keep,,
Site,background/neutral/basic,,#ffffff,#0a0a0a,surface/level-0,Keep,,
Site,background/neutral/bold-1,,#eeeeee,#1a1a1a,surface/level-1,Keep,D-levels,
Site,background/neutral/bold-2,,#e0e0e0,#232323,surface/level-3,Keep,D-levels,
Site,background/neutral/bold-3,,#0a0a0a,#ffffff,bg/inverse,Keep,,
Site,background/brand/basic,,#8f42ff,#8f42ff,action/primary/default,Keep,,
Site,background/brand/bold-1,hover заливки,#7f30d6,#ac63fc,action/primary/default+layer@6,Deprecate,D-state,
Site,background/brand/nbasic-1,,#f5ecff,#380d66,accent/subtle,Keep,,
Site,text/brand/base,,#8f42ff,#8f42ff,text/accent,Keep,D-contrast,
Site,text/brand/bold-1,,#7f30d6,#ac63fc,text/accent,Merge,D-contrast,
