page,component,variants,interactive,focus_ring,motion,touch_target,rules_block,migration_row,issues,priority
Shell,Nav item,6,да,есть (2026-10-04),есть,ок (36 Web),НЕТ,есть,State Active → Selected (как у Tab bar item); State Active → Selected — сделано 2026-10-04,P1
Shell,Tab bar item,2,да,есть (2026-10-04),есть,ок,НЕТ,НЕТ,,P1
Shell,Sidebar,2,контейнер,—,есть,—,НЕТ,есть,,P3
Shell,Page header,2,контейнер,—,есть,—,НЕТ,НЕТ,,P3
Shell,Shell,2,контейнер,—,есть,—,НЕТ,НЕТ,,P3
Shell,Tab bar,1,контейнер,—,есть,—,НЕТ,НЕТ,,P3
Shell,Top bar,1,контейнер,—,есть,—,НЕТ,НЕТ,,P3
Shell,Balance widget,1,да,—,есть,—,НЕТ,есть,,P3
Actions,Button,144,да,есть,есть,проверить Link (высота 20),НЕТ,НЕТ,нет строки миграции (12→9 типов описано только в HANDOFF),P1
Actions,Icon button,96,да,есть,есть,S32 < 44 в App — нужен hit area,НЕТ,НЕТ,,P1
Inputs,Checkbox,21,да,есть,есть,ок,НЕТ,НЕТ,"ось Status (Off/On/Indeterminate) — в Radio/Toggle Status Off/On, ок",P2
Inputs,Radio,14,да,есть,есть,ок,НЕТ,НЕТ,,P2
Inputs,Toggle,16,да,есть,есть,ок,НЕТ,НЕТ,16 фреймов без auto-layout (knob) — допустимо,P3
Inputs,Input,54,да,есть,НЕТ,ок,НЕТ,НЕТ,"State Active = фокус, в Input amount/Code cell он называется Focus — унифицировать; нет перехода Default→Active; State Active → Focus — сделано 2026-10-04",P1
Inputs,Select,24,да,есть (2026-10-04),есть,ок,есть,НЕТ,"нет Focus ring, хотя у Select compact есть",P1
Inputs,Select compact,4,да,есть,НЕТ,ок,есть,есть,,P2
Inputs,Input amount,8,да,есть (2026-10-04),НЕТ,ок,НЕТ,есть,State Focus vs Active в Input,P1
Inputs,Code cell,12,да,есть (2026-10-04),НЕТ,ок,НЕТ,есть,State Empty/Focus/Filled — не как в Input,P2
Inputs,Code input,8,да,—,НЕТ,ок,НЕТ,есть,нет анимации ошибки (shake) и успеха,P2
Inputs,Input addon / Max,1,да,НЕТ,—,27×20 < 24 по ширине? проверить hit area,НЕТ,НЕТ,,P2
Inputs,Input addon / Stepper,1,да,НЕТ,есть,ок,НЕТ,НЕТ,,P2
Inputs,Input addon / Unit · Chevron · Counter,3,нет,—,—,—,НЕТ,НЕТ,,P3
Tabs,Tab,36,да,есть,есть,ок,есть,НЕТ,,P2
Tabs,Tabs,4,контейнер,—,есть,—,НЕТ,есть,,P3
Tabs,Segment,32,да,есть,есть,S24 — hit area в App,НЕТ,НЕТ,нет Pressed (у Tab/Chip есть),P2
Tabs,Segmented,8,контейнер,—,есть,—,есть,есть,,P3
Tabs,Chip,24,да,есть,есть,ок,есть,есть,в фокусе брендовая обводка control/border/focus + кольцо — сделано 2026-10-04,P3
Data,Stat card,2,нет,—,—,—,НЕТ,есть,,P3
Data,Table header cell,8,да (сортировка),НЕТ,НЕТ,ок,НЕТ,есть,нет Hover; State Skeleton/Default (порядок наоборот),P1
Data,Table row,6,да,НЕТ,есть,ок,НЕТ,есть,единые стили + tabular-nums (из очереди),P1
Data,Table cell / * (13 наборов),87,частично,НЕТ у Toggle/Star/More,частично,ок,НЕТ,есть,tabular-nums в числовых ячейках,P1
Data,Table,1,контейнер,—,есть,—,есть,есть,,P2
Data,List item,32,да,есть (2026-10-04),есть,ок,НЕТ,есть,State только Default/Hover — нет Pressed/Disabled/Selected,P1
Data,Legend item,4,да,есть (2026-10-04),НЕТ,высота 10 — нужен hit area,НЕТ,есть,State Active → Selected; State Active → Selected — сделано 2026-10-04,P1
Data,Legend swatch,16,нет,—,—,—,НЕТ,НЕТ,,P3
Data,Chart plot,23,да (hover),—,НЕТ,—,НЕТ,есть,нет текстовой альтернативы/описания для скринридера в описании,P2
Data,Chart card · tooltip · crosshair · metric · axis label,22,частично,—,частично,—,НЕТ,есть,,P2
Data,Chip cell,12,да,есть (2026-10-04),есть,ок,НЕТ,есть,статус только цветом — нужен второй признак (иконка/штриховка) для a11y,P1
Data,Chip map,1,да,—,есть,—,НЕТ,есть,"Normal спокойный, цвет только у аномалий (из очереди)",P1
Data,Accordion,12,да,есть (2026-10-04),НЕТ,ок,НЕТ,есть,нет Disabled; нет анимации раскрытия,P1
Data,Divider,3,нет,—,—,—,НЕТ,есть,,P3
Data,Slider,6,да,НЕТ,НЕТ,ползунок проверить ≥24/44,НЕТ,есть,нет состояний ползунка (Hover/Pressed/Disabled),P1
Data,Avatar · Avatar group,18,нет,—,—,—,НЕТ,есть,,P3
Data,"Stepper (+ Step, Step symbol, Step trail)",22,нет,—,—,—,НЕТ,частично,State Active → Current (это не выбор),P2
Overlays,Menu item,16,да,есть,есть,ок,НЕТ,есть,,P3
Overlays,Menu,2,контейнер,—,есть,—,есть,есть,,P3
Overlays,Toast,5,да,через Icon button,есть,ок,есть,есть,компактное действие в строке (из очереди),P1
Overlays,Side panel,2,контейнер,—,есть,—,есть,НЕТ,,P2
Overlays,Tooltip,10,нет,—,НЕТ,—,НЕТ,есть,нет анимации появления (delay + fade),P2
Overlays,Modal,12,контейнер,—,есть,—,НЕТ,есть,размер заголовка по типу (из очереди); в описании нет правил focus trap / Esc,P1
Overlays,Sheet,2,контейнер,—,есть,—,НЕТ,есть,,P2
Feedback,Spinner,3,нет,—,—,—,НЕТ,НЕТ,reduced motion в описании,P3
Feedback,Skeleton,7,нет,—,—,—,НЕТ,НЕТ,,P3
Feedback,Counter,6,нет,—,—,—,есть,НЕТ,,P3
Feedback,Badge,39,частично (Close/Chevron),НЕТ,НЕТ,зона нажатия Close/Chevron (из очереди),есть,есть,State Skeleton/Default — порядок,P1
Feedback,Status,10,нет,—,—,—,есть,НЕТ,,P3
Feedback,Alert,5,контейнер,через Icon button,есть,—,НЕТ,есть,иконка по умолчанию у Danger/Warning (из очереди); role=alert в описании,P1
Feedback,Empty state,5,контейнер,—,есть,—,есть,есть,,P3
Feedback,Progress,8,нет,—,—,—,есть,НЕТ,,P3
Feedback,Progress circle,3,нет,—,—,—,НЕТ,есть,,P3
Feedback,Banner,21,контейнер,через Button,есть,—,НЕТ,есть,,P2
