token,before,after,dE,status,L_oklch
color/neutral/0,#ffffff,#ffffff,0.0,=,100
color/neutral/50,#fafafa,#fafafa,0.0,=,99
color/neutral/100,#f5f5f5,#f5f5f5,0.0,=,97
color/neutral/150,#eeeeee,#eeeeee,0.0,=,95
color/neutral/200,#e0e0e0,#e0e0e0,0.0,=,91
color/neutral/300,#d0d0d0,#d0d0d0,0.0,=,86
color/neutral/400,#a3a3a3,#a3a3a3,0.0,=,72
color/neutral/450,#8b8b8b,#8b8b8b,0.0,=,64
color/neutral/500,#7a7a7a,#7a7a7a,0.0,=,58
color/neutral/550,#6b6b6b,#6b6b6b,0.0,=,53
color/neutral/600,#4d4d4d,#4d4d4d,0.0,=,42
color/neutral/700,#2d2d2d,#2d2d2d,0.0,=,30
color/neutral/800,#232323,#232323,0.0,=,26
color/neutral/850,#1a1a1a,#1a1a1a,0.0,=,22
color/neutral/900,#111111,#111111,0.0,=,18
color/neutral/950,#0a0a0a,#0a0a0a,0.0,=,14
color/neutral/1000,#000000,#000000,0.0,=,0
color/violet/50,#f5ecff,#f9f4ff,4.9,≈,97
color/violet/100,#ead8fe,#ecdbff,1.5,=,92
color/violet/150,#e0c5fe,#e1c5ff,0.6,=,87
color/violet/200,#d5b1fd,#d6b0ff,1.7,=,82
color/violet/300,#c18afd,#c18afe,0.5,=,73
color/violet/400,#ac63fc,#ac65fb,1.7,=,65
color/violet/500,#8f42ff,#8f42ff,0.0,=,58
color/violet/600,#7f30d6,#7a38db,3.3,≈,52
color/violet/700,#6724b1,#642db4,3.7,≈,45
color/violet/800,#50198b,#4e228e,3.8,≈,38
color/violet/850,#441379,#411c79,4.9,≈,34
color/violet/900,#380d66,#351664,5.9,≈,30
color/violet/950,#2c0754,#240e46,11.6,Δ,24
color/green/50,#d4ecd5,#f0faf1,10.9,Δ,98
color/green/100,#c4e3c5,#d7edd8,7.3,≈,92
color/green/150,#b4dbb6,#c1e1c2,5.0,≈,88
color/green/200,#a4d2a6,#acd6ae,3.2,≈,84
color/green/300,#83c286,#87c38a,2.1,=,76
color/green/400,#63b167,#64b168,0.6,=,69
color/green/500,#43a047,#43a047,0.0,=,63
color/green/600,#38823b,#38883b,4.0,≈,56
color/green/700,#306833,#2b6e2e,7.1,≈,48
color/green/800,#264b27,#205522,10.6,Δ,40
color/green/850,#173318,#19471b,13.9,Δ,35
color/green/900,#112412,#123914,16.1,Δ,31
color/green/950,#0f180f,#09250a,15.8,Δ,24
color/red/50,#fcebeb,#fff4f4,3.5,≈,98
color/red/100,#fad7d7,#ffdada,1.4,=,92
color/red/150,#f7c4c2,#ffc4c2,3.2,≈,87
color/red/200,#f5b0ae,#ffaeac,5.0,≈,83
color/red/300,#ef8886,#f88786,4.2,≈,75
color/red/400,#ea615d,#ef625e,1.8,=,67
color/red/500,#e53935,#e53935,0.0,=,61
color/red/600,#be2f2b,#c4302c,2.3,=,54
color/red/700,#972421,#a02522,3.8,≈,47
color/red/800,#6f1a18,#7e1b19,6.9,≈,39
color/red/850,#5c1513,#6a1614,6.7,≈,35
color/red/900,#480f0e,#57100e,8.0,≈,30
color/red/950,#350a09,#3c0807,4.7,≈,24
color/amber/50,#fef2df,#fdf6eb,4.7,≈,98
color/amber/100,#fde8c7,#fbead0,4.0,≈,94
color/amber/150,#fcdfb0,#f9e0b9,4.5,≈,92
color/amber/200,#fbd698,#f6d7a3,5.9,≈,89
color/amber/300,#f9c369,#f3c478,7.9,≈,85
color/amber/400,#f7b13a,#f2b24c,7.9,≈,81
color/amber/500,#f59e0b,#f59e0b,0.0,=,77
color/amber/600,#c68009,#ce8300,3.9,≈,67
color/amber/700,#976207,#a36700,5.7,≈,57
color/amber/800,#694304,#7a4c00,7.9,≈,46
color/amber/850,#513403,#633d00,9.0,Δ,40
color/amber/900,#3a2502,#4d2e00,10.3,Δ,33
color/amber/950,#221601,#2d1900,6.6,≈,23
color/blue/50,#ebf3fe,#f2f7ff,2.4,≈,97
color/blue/100,#d8e6fd,#d7e6ff,1.1,=,92
color/blue/150,#c4dafc,#bfd8ff,2.9,≈,88
color/blue/200,#b1cdfb,#aacaff,4.0,≈,83
color/blue/300,#89b4fa,#81b1fe,4.1,≈,76
color/blue/400,#629bf8,#5d99fa,2.4,≈,69
color/blue/500,#3b82f6,#3b82f6,0.0,=,62
color/blue/600,#306dd0,#316ed2,0.7,=,55
color/blue/700,#2557ab,#2659ac,1.2,=,48
color/blue/800,#194285,#1c4487,0.9,=,40
color/blue/850,#143772,#153871,1.5,=,35
color/blue/900,#0e2c60,#102d5d,2.9,≈,31
color/blue/950,#09224d,#081d3f,6.5,≈,24
color/lime/50,#fefff4,#fafbea,3.4,≈,98
color/lime/100,#fdffe7,#f9fcd5,7.8,≈,98
color/lime/150,#fbfed4,#f8fcc1,8.6,Δ,97
color/lime/200,#f9febc,#f7fdae,6.5,≈,97
color/lime/300,#f6fe9e,#f4fd87,10.4,Δ,96
color/lime/400,#f3fd7c,#f3fd59,14.5,Δ,96
color/lime/500,#ebff00,#ebff00,0.0,=,95
color/lime/600,#a2b01f,#c2d200,19.5,Δ,82
color/lime/700,#9d8701,#95a200,19.8,Δ,68
color/lime/800,#6d5e00,#6b7500,16.2,Δ,54
color/lime/850,#544900,#545b00,12.7,Δ,45
color/lime/900,#3c3400,#3d4300,11.3,Δ,36
color/lime/950,#231f00,#1d2100,4.8,≈,24
color/electric-green/50,#e6fff0,#eafcf1,3.2,≈,97
color/electric-green/100,#b3ffda,#d0ffe7,12.0,Δ,96
color/electric-green/200,#80ffc3,#abffd4,15.7,Δ,93
color/electric-green/300,#4dffad,#85ffbe,15.6,Δ,91
color/electric-green/400,#63f282,#68ff89,5.2,≈,89
color/electric-green/500,#00ff73,#00ff73,0.0,=,87
color/electric-green/600,#00cc5c,#00d45e,4.0,≈,76
color/electric-green/700,#009945,#00a548,6.3,≈,63
color/electric-green/800,#00662e,#007933,10.6,Δ,50
color/electric-green/900,#003317,#00481b,13.7,Δ,35
color/electric-blue/50,#e8f2ff,#f2f7ff,3.6,≈,97
color/electric-blue/100,#bcd9ff,#d2e5ff,8.3,Δ,92
color/electric-blue/200,#91c0ff,#9dc7ff,4.8,≈,82
color/electric-blue/300,#65a6ff,#6caaff,2.8,≈,73
color/electric-blue/400,#3a8dff,#3c8eff,0.7,=,65
color/electric-blue/500,#1470ff,#1470ff,0.0,=,58
color/electric-blue/600,#105acc,#105fdb,5.8,≈,52
color/electric-blue/700,#0c4399,#0c4eb4,9.9,Δ,45
color/electric-blue/800,#082d66,#093c8e,16.2,Δ,38
color/electric-blue/900,#041733,#052964,22.0,Δ,30
color/orange/300,#ff9d7c,#ff9d7c,0.0,=,79
color/orange/500,#ff5b24,#ff5b24,0.0,=,68
color/orange/700,#ab3b16,#ab3b16,0.0,=,51
color/indigo/300,#8582f6,#8582f6,0.0,=,66
color/indigo/500,#332ff0,#332ff0,0.0,=,48
color/indigo/700,#201da0,#201da0,0.0,=,35
color/emerald/300,#80dcbe,#80dcbe,0.0,=,83
color/emerald/500,#34c696,#34c696,0.0,=,74
color/emerald/700,#20785b,#20785b,0.0,=,51
color/teal/300,#5cd2c5,#5cd2c5,0.0,=,79
color/teal/500,#14b8a6,#14b8a6,0.0,=,70
color/teal/700,#0c6e64,#0c6e64,0.0,=,48
color/cyan/300,#57d0e5,#57d0e5,0.0,=,80
color/cyan/500,#06b6d4,#06b6d4,0.0,=,71
color/cyan/700,#046d7f,#046d7f,0.0,=,49
color/fuchsia/300,#e890f5,#e890f5,0.0,=,78
color/fuchsia/500,#d946ef,#d946ef,0.0,=,67
color/fuchsia/700,#972ca7,#972ca7,0.0,=,51
color/pink/300,#f491c2,#f491c2,0.0,=,77
color/pink/500,#ec4899,#ec4899,0.0,=,66
color/pink/700,#a42e68,#a42e68,0.0,=,50
color/rose/300,#f88c9e,#f88c9e,0.0,=,76
color/rose/500,#f43f5e,#f43f5e,0.0,=,65
color/rose/700,#aa273e,#aa273e,0.0,=,49
color/alpha/black/0,#00000000,#00000000,0.0,=,0
color/alpha/black/4,#0000000a,#0000000a,0.0,=,0
color/alpha/black/8,#00000014,#00000014,0.0,=,0
color/alpha/black/12,#0000001f,#0000001f,0.0,=,0
color/alpha/black/16,#00000029,#00000029,0.0,=,0
color/alpha/black/24,#0000003d,#0000003d,0.0,=,0
color/alpha/black/32,#00000052,#00000052,0.0,=,0
color/alpha/black/48,#0000007a,#0000007a,0.0,=,0
color/alpha/black/64,#000000a3,#000000a3,0.0,=,0
color/alpha/black/80,#000000cc,#000000cc,0.0,=,0
color/alpha/white/4,#ffffff0a,#ffffff0a,0.0,=,100
color/alpha/white/8,#ffffff14,#ffffff14,0.0,=,100
color/alpha/white/12,#ffffff1f,#ffffff1f,0.0,=,100
color/alpha/white/16,#ffffff29,#ffffff29,0.0,=,100
color/alpha/white/24,#ffffff3d,#ffffff3d,0.0,=,100
color/alpha/white/32,#ffffff52,#ffffff52,0.0,=,100
color/alpha/white/48,#ffffff7a,#ffffff7a,0.0,=,100
color/alpha/white/64,#ffffffa3,#ffffffa3,0.0,=,100
color/alpha/white/80,#ffffffcc,#ffffffcc,0.0,=,100
color/yellow/50,#fefce8,#f9f8ea,3.3,≈,98
color/yellow/100,#fef9d1,#f8f4d3,3.9,≈,96
color/yellow/150,#fef7b5,#f6f1bf,8.2,Δ,95
color/yellow/200,#fdf397,#f5eeac,12.9,Δ,94
color/yellow/300,#fcee65,#f3e986,17.3,Δ,92
color/yellow/400,#fde501,#f4e25a,22.9,Δ,90
color/yellow/500,#f2dd0f,#f2dd0f,0.0,=,89
color/yellow/600,#dac71a,#c9b700,6.0,≈,77
color/yellow/700,#b3a20e,#9c8e00,9.0,Δ,64
color/yellow/800,#6c6206,#726700,3.9,≈,51
color/yellow/850,#474000,#5a5100,9.8,Δ,43
color/yellow/900,#332c00,#433c00,10.9,Δ,35
color/yellow/950,#1f1800,#231f00,5.9,≈,24
