source,legacy,role,before_light,before_dark,target,chain_light,chain_dark,after_light,after_dark,on_l0_light,on_l0_dark,dE_light,dE_dark,action,status,decision,impact,min_contrast_light_dark,note
Web·App,Color 1 [Back],фон страницы,,#0a0a0a,surface/level-0,white,neutral/950,#ffffff,#0a0a0a,#ffffff,#0a0a0a,,0.0,Keep,=,,DS Web 94 · DS App 165 · Web App 2 240 · App 1 383 · Monitoring* 3 969 · Firmware 20 · WL B2B 202 · Geo Web 24 · Сайт 685,,
Web·App,Color 7 [Back],,,#0a0a0a,surface/level-0,white,neutral/950,#ffffff,#0a0a0a,#ffffff,#0a0a0a,,0.0,Deprecate,=,Этап 1: 0 потребителей,0,,дубль Color 1
Web·App,Color 2 [Back],карточка,,#111111,surface/level-1,neutral/100,neutral/850,#f5f5f5,#1a1a1a,#f5f5f5,#1a1a1a,,4.2,Keep,≈,Уровни L0–L3 (05–06.10),DS Web 98 · DS App 67 · Web App 3 874 · App 1 508 · Monitoring* 3 486 · Firmware 95 · WL B2B 10 · Geo Web 80 · Сайт 1 002,,
Web·App,Color 6 [Back],,,#111111,surface/level-1,neutral/100,neutral/850,#f5f5f5,#1a1a1a,#f5f5f5,#1a1a1a,,4.2,Deprecate,≈,Этап 1: 0 потребителей,0,,дубль Color 2
Web·App,Color 3 [Back],вложенная плашка / контрол на карточке,,#1a1a1a,surface/level-2,neutral/150,neutral/800,#ececec,#202020,#ececec,#202020,,3.0,Split,≈,Уровни L0–L3 (05–06.10),DS Web 304 · DS App 205 · DS Site 21 · Web App 10 126 · App 2 561 · Monitoring* 12 037 · Firmware 200 · WL B2B 38 · Geo Web 99 · Сайт 4 887,,контрол на уровень выше подложки
Web·App,Color 3 [Back],поповер / меню,,#1a1a1a,surface/raised,white,neutral/850,#ffffff,#1a1a1a,#ffffff,#1a1a1a,,0.0,Split,=,,DS Web 304 · DS App 205 · DS Site 21 · Web App 10 126 · App 2 561 · Monitoring* 12 037 · Firmware 200 · WL B2B 38 · Geo Web 99 · Сайт 4 887,,
Web·App,Color 35 [Back],hover,,#232323,state/layer@6,black,white,#0000000f,#ffffff0f,#f0f0f0,#181818,,5.5,Split,≈,Слой состояний 6/10 % (06.10),DS Web 214 · DS App 187 · DS Site 5 · Web App 4 810 · App 2 001 · Monitoring* 3 597 · Firmware 130 · WL B2B 20 · Geo Web 89 · Сайт 1 149,,
Web·App,Color 35 [Back],плашка (бейдж / трек),,#232323,surface/level-3,neutral/200,neutral/700,#e0e0e0,#262626,#e0e0e0,#262626,,1.4,Split,=,Уровни L0–L3 (05–06.10),DS Web 214 · DS App 187 · DS Site 5 · Web App 4 810 · App 2 001 · Monitoring* 3 597 · Firmware 130 · WL B2B 20 · Geo Web 89 · Сайт 1 149,,
Web·App,Color 4 [Back],pressed,,#2d2d2d,state/layer@10,black,white,#0000001a,#ffffff1a,#e5e5e5,#232323,,4.8,Split,≈,Слой состояний 6/10 % (06.10),DS Web 51 · DS App 42 · Web App 1 340 · App 532 · Monitoring* 2 929 · Firmware 2 · Сайт 240,,
Web·App,Color 4 [Back],дорожка (toggle / slider / progress),,#2d2d2d,control/track,alpha/black/12,alpha/white/16,#0000001f,#ffffff29,#e0e0e0,#313131,,1.9,Split,=,Обводки и плашки альфой (05.10),DS Web 51 · DS App 42 · Web App 1 340 · App 532 · Monitoring* 2 929 · Firmware 2 · Сайт 240,,
Web·App,Disabled / Inactive [Back],,,#1a1a1a,control/surface/disabled,alpha/black/8,alpha/white/8,#00000014,#ffffff14,#ebebeb,#1d1d1d,,1.5,Merge,=,Disabled 8 / 40 % (06.10),DS Web 19 · Web App 320 · App 30 · Monitoring* 585 · Firmware 6 · Geo Web 37 · Сайт 279,,
Web·App,Color 1 [Text],,,#fafafa,text/primary,neutral/950,neutral/50,#0a0a0a,#fafafa,#0a0a0a,#fafafa,,0.0,Keep,=,,DS Web 418 · DS App 399 · DS Site 15 · Web App 19 262 · App 4 771 · Monitoring* 19 040 · Firmware 367 · WL B2B 172 · Geo Web 588 · Сайт 10 625,15.0 / 14.5,
Web·App,Color 2 [Text],,,#d0d0d0,text/secondary,alpha/black/72,alpha/white/72,#000000b8,#ffffffb8,#474747,#bbbbbb,,7.6,Merge,≈,Этап 1: почти не используется,DS Web 1 · Web App 22 · App 2,8.1 / 8.6,сливается со ступенью Color 3
Web·App,Color 3 [Text],,,#a3a3a3,text/secondary,alpha/black/72,alpha/white/72,#000000b8,#ffffffb8,#474747,#bbbbbb,,8.9,Keep,Δ принято,Текст альфой 72/56/40 (05.10),DS Web 57 · DS App 62 · Web App 3 735 · App 767 · Monitoring* 980 · Firmware 5 · WL B2B 39 · Geo Web 58 · Сайт 356,8.1 / 8.6,было → tertiary; обе используемые ступени (3 и 4) сохраняем
Web·App,Color 4 [Text],,,#7a7a7a,text/tertiary,alpha/black/56,alpha/white/56,#0000008f,#ffffff8f,#707070,#939393,,9.7,Keep,Δ принято,Текст альфой 72/56/40 (05.10),DS Web 195 · DS App 226 · Web App 11 014 · App 2 726 · Monitoring* 11 191 · Firmware 564 · WL B2B 90 · Geo Web 156 · Сайт 8 172,4.6 / 5.8,
Web·App,Color 5 [Text],,,#4d4d4d,text/disabled,alpha/black/40,alpha/white/40,#00000066,#ffffff66,#999999,#6c6c6c,,12.9,Keep,Δ принято,Disabled 8 / 40 % (06.10),DS Web 66 · DS App 18 · Web App 3 225 · App 417 · Monitoring* 5 636 · Firmware 71 · Geo Web 61 · Сайт 855,2.8 / 3.7,
Web·App,Brand,заливка,,#8f42ff,action/primary/default,accent/solid → violet/500,accent/solid → violet/500,#8f42ff,#8f42ff,#8f42ff,#8f42ff,,0.0,Split,=,,DS Web 237 · DS App 106 · DS Site 9 · Web App 3 280 · App 786 · Monitoring* 1 362 · Firmware 38 · WL B2B 245 · Geo Web 40 · Сайт 3 640,,
Web·App,Brand,отмеченный контрол,,#8f42ff,control/checked,accent/solid → violet/500,accent/solid → violet/500,#8f42ff,#8f42ff,#8f42ff,#8f42ff,,0.0,Split,=,,DS Web 237 · DS App 106 · DS Site 9 · Web App 3 280 · App 786 · Monitoring* 1 362 · Firmware 38 · WL B2B 245 · Geo Web 40 · Сайт 3 640,,
Web·App,Brand,текст / иконка,,#8f42ff,text/accent,accent/fg-on-light → accent/600 → violet/600,accent/fg-on-dark → accent/400 → violet/400,#7a38db,#ac65fb,#7a38db,#ac65fb,,22.5,Split,Δ принято,Цветной текст ≥ 4.5 (06.10),DS Web 237 · DS App 106 · DS Site 9 · Web App 3 280 · App 786 · Monitoring* 1 362 · Firmware 38 · WL B2B 245 · Geo Web 40 · Сайт 3 640,5.2 / 4.7,
Web·App,Brand fill hover,,,#6724b1,action/primary/default+layer@6,accent/solid → violet/500,accent/solid → violet/500,#873ef0,#964dff,#873ef0,#964dff,,25.2,Deprecate,Δ принято,Слой состояний 6/10 % (06.10),DS Web 17 · DS App 6 · Web App 17 · App 14 · Monitoring* 3 · WL B2B 1,,action/primary/hover — кандидат deprecated
Web·App,Brand hover,,,#ac63fc,text/accent,accent/fg-on-light → accent/600 → violet/600,accent/fg-on-dark → accent/400 → violet/400,#7a38db,#ac65fb,#7a38db,#ac65fb,,1.7,Merge,=,,DS Web 3 · DS App 1 · Web App 81 · App 47 · Monitoring* 49 · Firmware 3 · WL B2B 26 · Сайт 62,5.2 / 4.7,
Web·App,Brand light,,,#c18afd,text/link-hover,accent/fg-strong-on-light → accent/600 → violet/600,accent/fg-strong-on-dark → accent/300 → violet/300,#7a38db,#c18afe,#7a38db,#c18afe,,0.5,Keep,=,,DS Web 1 · Web App 90 · App 68 · WL B2B 1 · Сайт 33,5.2 / 6.5,
Web·App,Brand disable,,,#2c0754,action/disabled,alpha/black/8,alpha/white/8,#00000014,#ffffff14,#ebebeb,#1d1d1d,,51.4,Merge,Δ принято,Disabled 8 / 40 % (06.10),DS Web 15 · DS App 22 · Web App 171 · App 103 · Monitoring* 13 · WL B2B 1 · Geo Web 31,,
Web·App,Error / Red [Main],,,#e53935,status/danger/solid,red/600,red/500,#c4302c,#e53935,#c4302c,#e53935,,0.0,Keep,=,,DS Web 67 · DS App 67 · Web App 837 · App 95 · Monitoring* 2 230 · Firmware 34 · WL B2B 41 · Geo Web 7 · Сайт 473,,
Web·App,Error hover / Red [Hover],кнопка danger,,#be2f2b,action/danger/default,red/600,red/600,#c4302c,#c4302c,#c4302c,#c4302c,,2.3,Keep,=,Цветной текст ≥ 4.5 (06.10),DS Web 13 · Web App 2 · Monitoring* 2 · WL B2B 1,,белый текст ≥ 4.5
Web·App,Error disabled / Red [Disabled],,,#972421,action/disabled,alpha/black/8,alpha/white/8,#00000014,#ffffff14,#ebebeb,#1d1d1d,,60.9,Merge,Δ принято,Disabled 8 / 40 % (06.10),App 6,,есть в App (6)
Web·App,Error back / Red [Back],,,#350a09,status/danger/subtle,alpha/red/16,alpha/red/24,#e5393529,#e539353d,#fbdfdf,#3e1514,,4.6,Merge,≈,status/*/subtle альфой (05.10),DS Web 18 · DS App 22 · Web App 10 · App 1 · WL B2B 5,,
Web·App,Error back 2 / Red [Back] 2,,,#480f0e,status/danger/subtle,alpha/red/16,alpha/red/24,#e5393529,#e539353d,#fbdfdf,#3e1514,,8.4,Merge,Δ принято,status/*/subtle альфой (05.10),DS App 20 · Web App 29 · App 96 · Monitoring* 9,,
Web·App,Error secondary text / Red [Secondary text],,,#be2f2b,text/danger,red/600,red/400,#c4302c,#ef625e,#c4302c,#ef625e,,18.3,Keep,Δ принято,Цветной текст ≥ 4.5 (06.10),DS Web 2 · DS App 3,4.7 / 5.1,см. П1 (контраст на L1–L3)
Web·App,Success / Green [Main],,,#43a047,status/success/solid,green/600,green/500,#38883b,#43a047,#38883b,#43a047,,0.0,Keep,=,,DS Web 82 · DS App 48 · Web App 1 071 · App 209 · Monitoring* 20 763 · Firmware 49 · WL B2B 61 · Сайт 271,,
Web·App,Success hover / Green [Hover],,,#38823b,action/success/default+layer@6,green/600,green/500,#358038,#4ea652,#358038,#4ea652,,14.6,Deprecate,Δ принято,Слой состояний 6/10 % (06.10),DS Web 3 · Web App 2,,
Web·App,Success back / Green [Back],,,#112412,status/success/subtle,alpha/green/24,alpha/green/16,#43a0473d,#43a04729,#d2e8d3,#132214,,3.3,Merge,≈,status/*/subtle альфой (05.10),DS Web 20 · DS App 22 · Web App 34 · App 2 · WL B2B 4,,
Web·App,Success back 2 / Green [Back] 2,,,#173318,status/success/subtle,alpha/green/24,alpha/green/16,#43a0473d,#43a04729,#d2e8d3,#132214,,12.0,Merge,Δ принято,status/*/subtle альфой (05.10),DS Web 2 · DS App 18 · Web App 123 · App 2 · Geo Web 6 · Сайт 24,,
Web·App,Success secondary text / Green [Secondary text],,,#38823b,text/success,green/700,green/500,#2b6e2e,#43a047,#2b6e2e,#43a047,,14.4,Keep,Δ принято,Цветной текст ≥ 4.5 (06.10),DS Web 3 · DS App 1 · Firmware 384,5.3 / 4.9,
Web·App,Attention / Orange [Main],,,#f59e0b,status/warning/solid,amber/500,amber/500,#f59e0b,#f59e0b,#f59e0b,#f59e0b,,0.0,Keep,=,,DS Web 23 · DS App 24 · Web App 1 819 · App 378 · Monitoring* 2 180 · Firmware 11 · WL B2B 48 · Geo Web 28 · Сайт 1 071,,
Web·App,Attention hover,,,#c68009,status/warning/solid+layer@6,amber/500,amber/500,#e7950a,#f6a419,#e7950a,#f6a419,,17.5,Deprecate,Δ принято,Слой состояний 6/10 % (06.10),Web App 2 · Firmware 1,,
Web·App,Attention back / Orange [back],,,#221601,status/warning/subtle,alpha/amber/32,alpha/amber/12,#f59e0b52,#f59e0b1f,#fce0b1,#271c0a,,3.0,Merge,≈,status/*/subtle альфой (05.10),DS Web 18 · DS App 22 · Web App 141 · App 111,,
Web·App,Attention back 2 / Orange [back] 2,,,#3a2502,status/warning/subtle,alpha/amber/32,alpha/amber/12,#f59e0b52,#f59e0b1f,#fce0b1,#271c0a,,12.8,Merge,Δ принято,status/*/subtle альфой (05.10),DS App 18 · Web App 53 · App 85 · Сайт 42,,
Web·App,Attention secondary text / Orange [secondary text],,,#976207,text/warning,amber/800,amber/500,#7a4c00,#f59e0b,#7a4c00,#f59e0b,,35.9,Keep,Δ принято,Цветной текст ≥ 4.5 (06.10),DS Web 3 · DS App 1 · App 5,6.2 / 7.6,
Web·App,accent base,,,#ebff00,highlight/solid,highlight/500 → lime/500,highlight/500 → lime/500,#ebff00,#ebff00,#ebff00,#ebff00,,0.0,Keep,=,,DS Web 12 · Web App 39 · App 10 · Monitoring* 4 · Сайт 14,,текст на нём — text/on-highlight
Web·App,accent soft,,,#f6fe9e,—,,,,,,,,,Deprecate,—,Этап 1: 0 потребителей,0,,
Web·App,accent bold,,,#9d8701,—,,,,,,,,,Deprecate,—,Этап 1: 0 потребителей,0,,
Web·App,accent background,,,#231f00,highlight/subtle,highlight/100 → lime/100,highlight/900 → lime/900,#f9fcd5,#3d4300,#f9fcd5,#3d4300,,25.2,Deprecate,Δ принято,Этап 1: 0 потребителей,0,,цель — если найдётся потребитель
Web·App,theme · surface/base,обводка плашек и карточек,,#d0d0d012,border/subtle,alpha/black/8,alpha/white/8,#00000014,#ffffff14,#ebebeb,#1d1d1d,,2.5,Split,≈,Обводки и плашки альфой (05.10),DS Web 334 · DS App 417 · Web App 2 634 · App 1 127 · Monitoring* 1 240 · Firmware 6 · WL B2B 29 · Geo Web 77 · Сайт 526,,
Web·App,theme · surface/base,граница контрола (checkbox / radio),,#d0d0d012,border/strong,alpha/black/48,alpha/white/40,#0000007a,#ffffff66,#858585,#6c6c6c,,37.4,Split,Δ принято,WCAG 1.4.11,DS Web 334 · DS App 417 · Web App 2 634 · App 1 127 · Monitoring* 1 240 · Firmware 6 · WL B2B 29 · Geo Web 77 · Сайт 526,,граница — единственный признак контрола → ≥ 3:1
Web·App,theme · divider/base,,,#d0d0d012,border/subtle,alpha/black/8,alpha/white/8,#00000014,#ffffff14,#ebebeb,#1d1d1d,,2.5,Keep,≈,Обводки и плашки альфой (05.10),DS Web 99 · DS App 92 · Web App 1 032 · App 680 · Monitoring* 239 · Firmware 20 · WL B2B 46 · Geo Web 46 · Сайт 105,,
Web·App,Main [Primary],сайт,,,action/primary/default,accent/solid → violet/500,accent/solid → violet/500,#8f42ff,#8f42ff,#8f42ff,#8f42ff,,,Merge,—,,Сайт 34,,значение уточнить (Website)
App,Back [Primary] 2,бейдж brand,,,accent/subtle,accent/tint → alpha/violet/16,accent/glow → alpha/violet/24,#8f42ff29,#8f42ff3d,#ede1ff,#2a1745,,,Keep,—,,DS App 18,,значение в DS App уточнить
Core,Alias · Background/Color default,,,#0a0a0a,surface/level-0,white,neutral/950,#ffffff,#0a0a0a,#ffffff,#0a0a0a,,0.0,Merge,=,,Web App 36 · App 11,,
Core,Alias · Background/Shade color default,,,#232323,surface/level-3,neutral/200,neutral/700,#e0e0e0,#262626,#e0e0e0,#262626,,1.4,Merge,=,Уровни L0–L3 (05–06.10),Web App 299 · App 30 · Monitoring* 15,,
Core,Alias · Divider/Color default,,,#232323,border/subtle,alpha/black/8,alpha/white/8,#00000014,#ffffff14,#ebebeb,#1d1d1d,,2.9,Merge,≈,Обводки и плашки альфой (05.10),Web App 106 · App 152 · Monitoring* 128 · Сайт 8,,
Core,Alias · Monochrome/Color default,,,#fafafa,icon/primary,neutral/950,neutral/50,#0a0a0a,#fafafa,#0a0a0a,#fafafa,,0.0,Merge,=,,DS App 15 · Web App 8 · App 99 · Geo Web 9 · Сайт 605,15.0 / 14.5,
Core,Alias · Monochrome/Color disable,заливка disabled,,#232323,action/disabled,alpha/black/8,alpha/white/8,#00000014,#ffffff14,#ebebeb,#1d1d1d,,2.9,Merge,≈,Disabled 8 / 40 % (06.10),Web App 162 · App 150 · Monitoring* 48 · Сайт 116,,
Core,Alias · Text/Color disable,,,,text/disabled,alpha/black/40,alpha/white/40,#00000066,#ffffff66,#999999,#6c6c6c,,,Merge,—,,Web App 22 · App 1,2.8 / 3.7,значение не снято
Core,Alias · Text/Color primary default,,,,text/primary,neutral/950,neutral/50,#0a0a0a,#fafafa,#0a0a0a,#fafafa,,,Merge,—,,App 40 · Geo Web 10 · Сайт 11,15.0 / 14.5,значение не снято
Core,Alias · Text/Color primary invert default,,,,text/inverse,white,neutral/950,#ffffff,#0a0a0a,#ffffff,#0a0a0a,,,Merge,—,,App 1,,значение не снято
Core,Alias · Background/Shade color hover,,,,state/layer@6,black,white,#0000000f,#ffffff0f,#f0f0f0,#181818,,,Merge,—,Слой состояний 6/10 % (06.10),App 1,,значение не снято
Core,Alias · Text/Color secondary default,,,,text/secondary,alpha/black/72,alpha/white/72,#000000b8,#ffffffb8,#474747,#bbbbbb,,,Merge,—,,Web App 14 · App 153 · Сайт 6,8.1 / 8.6,значение не снято
Core,Alias · Brand/Color default,,,,action/primary/default,accent/solid → violet/500,accent/solid → violet/500,#8f42ff,#8f42ff,#8f42ff,#8f42ff,,,Merge,—,,DS App 1 · Web App 1 · App 50,,значение не снято
Core,Alias · Brand/Color disable,,,,action/disabled,alpha/black/8,alpha/white/8,#00000014,#ffffff14,#ebebeb,#1d1d1d,,,Merge,—,Disabled 8 / 40 % (06.10),Web App 10 · App 3,,значение не снято
Core,Alias · Success/Color default,,,,status/success/solid,green/600,green/500,#38883b,#43a047,#38883b,#43a047,,,Merge,—,,Web App 1 · App 9,,значение не снято
Core,Alias · Background/Color accent,,,,—,,,,,,,,,Conflict,Conflict,,Web App 3 · App 2,,роль не ясна — смотреть экраны
Core,Alias · Background/Color focus,,,,—,,,,,,,,,Conflict,Conflict,,Web App 22 · App 110 · Сайт 15,,роль не ясна — смотреть экраны
Core,Basic color · Neutral/* напрямую,сырые примитивы на экранах,,,по роли слоя,,,,,,,,,Rebind,этап 2,,DS Web 18 · DS App 13 · DS Site 48 · Web App 4 534 · App 391 · Monitoring* 12 · WL B2B 9 574 · Geo Web 102 · Сайт 39 622,,этап 2 — перепривязка по роли
Core,Basic color · Green / Red / Amber/* напрямую,бейджи / транзакции,,,status/*/subtle | solid,,,,,,,,,Rebind,этап 2,,DS App 50 · Web App 40 · App 836 · Monitoring* 110 · WL B2B 459 · Geo Web 36 · Сайт 21,,этап 2
Core,Basic color · Yellow/500,,,#ebff00,highlight/solid,highlight/500 → lime/500,highlight/500 → lime/500,#ebff00,#ebff00,#ebff00,#ebff00,,0.0,Rebind,этап 2,,Web App 28 · App 28 · WL B2B 21,,
Core,Alias · Inactive/Color default,,,,action/disabled,alpha/black/8,alpha/white/8,#00000014,#ffffff14,#ebebeb,#1d1d1d,,,Merge,—,Disabled 8 / 40 % (06.10),WL B2B 153 · Geo Web 193,,значение не снято
WL B2B,WL B2B · pallete/gray/0,текст,#1a1a1a,,text/primary,neutral/950,neutral/50,#0a0a0a,#fafafa,#0a0a0a,#fafafa,6.5,,Merge,≈,,WL B2B 15 215,15.0 / 14.5,локальная палитра WL (Day)
WL B2B,WL B2B · pallete/gray/50,,#242424,,text/primary,neutral/950,neutral/50,#0a0a0a,#fafafa,#0a0a0a,#fafafa,11.5,,Merge,Δ открыто,,WL B2B 538,15.0 / 14.5,
WL B2B,WL B2B · pallete/gray/300,вторичный текст / плейсхолдер,#999999,,text/tertiary,alpha/black/56,alpha/white/56,#0000008f,#ffffff8f,#707070,#939393,16.0,,Merge,Δ принято,Текст альфой 72/56/40 (05.10),WL B2B 3 926,4.6 / 5.8,роль подтвердить на экранах
WL B2B,WL B2B · pallete/gray/400,,#b4b4b4,,text/disabled,alpha/black/40,alpha/white/40,#00000066,#ffffff66,#999999,#6c6c6c,10.1,,Merge,Δ принято,Disabled 8 / 40 % (06.10),WL B2B 2 264,2.8 / 3.7,роль подтвердить (disabled или иконки)
WL B2B,WL B2B · pallete/gray/500,,#cbcbcb,,control/border/hover,alpha/black/24,alpha/white/24,#0000003d,#ffffff3d,#c2c2c2,#454545,3.3,,Merge,≈,Обводки и плашки альфой (05.10),WL B2B 711,,роль подтвердить
WL B2B,WL B2B · pallete/gray/600,обводка,#dedede,,border/default,alpha/black/12,alpha/white/12,#0000001f,#ffffff1f,#e0e0e0,#282828,0.7,,Merge,=,Обводки и плашки альфой (05.10),WL B2B 2 904,,
WL B2B,WL B2B · pallete/gray/700,,#ececec,,surface/level-2,neutral/150,neutral/800,#ececec,#202020,#ececec,#202020,0.0,,Merge,=,Уровни L0–L3 (05–06.10),WL B2B 3 278,,
WL B2B,WL B2B · pallete/gray/800,фон,#f7f7f7,,surface/level-1,neutral/100,neutral/850,#f5f5f5,#1a1a1a,#f5f5f5,#1a1a1a,0.7,,Merge,=,Уровни L0–L3 (05–06.10),WL B2B 11 261,,
WL B2B,WL B2B · pallete/gray/900,,#fdfdfd,,surface/level-0,white,neutral/950,#ffffff,#0a0a0a,#ffffff,#0a0a0a,0.7,,Merge,=,,WL B2B 392,,
WL B2B,WL B2B · pallete/white/900,,#ffffff,,surface/level-0,white,neutral/950,#ffffff,#0a0a0a,#ffffff,#0a0a0a,0.0,,Merge,=,,WL B2B 3 378,,
WL B2B,WL B2B · pallete/violet/200,,#8e42ff,,action/primary/default,accent/solid → violet/500,accent/solid → violet/500,#8f42ff,#8f42ff,#8f42ff,#8f42ff,0.3,,Merge,=,,WL B2B 1 891,,
WL B2B,WL B2B · pallete/*-300 (9 серий графиков),графики,,,data/1…8,,,,,,,,,Rebind,этап 2,,WL B2B 20 933,,этап 2: серии по порядку; 9-я — подписи / штрихи
WL B2B,WL B2B · pallete/red/200,,#e53733,,status/danger/solid,red/600,red/500,#c4302c,#e53935,#c4302c,#e53935,12.0,,Merge,Δ открыто,,WL B2B 741,,
WL B2B,WL B2B · pallete/orange/200,,#f59f0b,,status/warning/solid,amber/500,amber/500,#f59e0b,#f59e0b,#f59e0b,#f59e0b,0.6,,Merge,=,,WL B2B 1 073,,
WL B2B,WL B2B · pallete/green/300,,#45a148,,status/success/solid,green/600,green/500,#38883b,#43a047,#38883b,#43a047,10.9,,Merge,Δ открыто,,WL B2B 1 351,,
WL B2B,WL B2B · pallete/*-600…800 (тинты),тинты статусов / тегов,,,status/*/subtle,,,,,,,,,Rebind,этап 2,,WL B2B 1 707,,этап 2: по роли
Geo,Geo · S/Text/Primary,,#181818,#ffffff,text/primary,neutral/950,neutral/50,#0a0a0a,#fafafa,#0a0a0a,#fafafa,5.5,1.7,Merge,≈,,Geo Web 8 793,15.0 / 14.5,локальная коллекция Geometria Web (Collection 1)
Geo,Geo · S/Text/Tertiary,,#71727c,#71727c,text/tertiary,alpha/black/56,alpha/white/56,#0000008f,#ffffff8f,#707070,#939393,6.0,14.0,Merge,Δ принято,Текст альфой 72/56/40 (05.10),Geo Web 7 590,4.6 / 5.8,
Geo,Geo · S/Text/Placeholder,,#a2a2a2,#a2a2a2,text/tertiary,alpha/black/56,alpha/white/56,#0000008f,#ffffff8f,#707070,#939393,19.4,5.7,Merge,Δ принято,Текст альфой 72/56/40 (05.10),Geo Web 234,4.6 / 5.8,
Geo,Geo · C/Input/Placeholder,,#a2a2a2,,text/tertiary,alpha/black/56,alpha/white/56,#0000008f,#ffffff8f,#707070,#939393,19.4,,Merge,Δ принято,Текст альфой 72/56/40 (05.10),Geo Web 379,4.6 / 5.8,
Geo,Geo · S/Text/Link,,#1470ff,#1470ff,text/link,accent/fg-on-light → accent/600 → electric-blue/600,accent/fg-on-dark → accent/400 → electric-blue/400,#105fdb,#3c8eff,#105fdb,#3c8eff,11.5,23.1,Merge,Δ принято,Цветной текст ≥ 4.5 (06.10),Geo Web 1 903,4.8 / 5.0,
Geo,Geo · S/Border/Primary,,#ececec,#1f1f1f,border/subtle,alpha/black/8,alpha/white/8,#00000014,#ffffff14,#ebebeb,#1d1d1d,0.4,1.0,Merge,=,Обводки и плашки альфой (05.10),Geo Web 3 998,,
Geo,Geo · S/Border/Secondary,,#c4c4c4,#282828,border/default,alpha/black/12,alpha/white/12,#0000001f,#ffffff1f,#e0e0e0,#282828,10.0,0.0,Merge,Δ принято,Обводки и плашки альфой (05.10),Geo Web 308,,
Geo,Geo · S/Border/Link,,#1470ff,#1470ff,border/accent,accent/solid → electric-blue/600,accent/solid → electric-blue/600,#105fdb,#105fdb,#105fdb,#105fdb,11.5,11.5,Merge,Δ открыто,,Geo Web 420,,
Geo,Geo · S/Background/Primary,,#ffffff,#181818,surface/level-0,white,neutral/950,#ffffff,#0a0a0a,#ffffff,#0a0a0a,0.0,5.5,Merge,≈,Уровни L0–L3 (05–06.10),Geo Web 3 453,,
Geo,Geo · S/Background/Secondary,,#fafafa,#1f1f1f,surface/level-1,neutral/100,neutral/850,#f5f5f5,#1a1a1a,#f5f5f5,#1a1a1a,1.7,2.5,Merge,≈,Уровни L0–L3 (05–06.10),Geo Web 1 733,,
Geo,Geo · S/Background/Tertiary,,#ececec,#282828,surface/level-2,neutral/150,neutral/800,#ececec,#202020,#ececec,#202020,0.0,3.9,Merge,≈,Уровни L0–L3 (05–06.10),Geo Web 1 984,,
Geo,Geo · C/Input/Border,,#ececec,,control/border/default,alpha/black/12,alpha/white/12,#0000001f,#ffffff1f,#e0e0e0,#282828,4.2,,Merge,≈,Обводки и плашки альфой (05.10),Geo Web 2 549,,
Geo,Geo · C/Input/Background-White,,#fafafa,,control/surface/default,white,neutral/950,#ffffff,#0a0a0a,#ffffff,#0a0a0a,1.7,,Merge,=,,Geo Web 2 472,,
Geo,Geo · C/Input/Text,,#181818,,text/primary,neutral/950,neutral/50,#0a0a0a,#fafafa,#0a0a0a,#fafafa,5.5,,Merge,≈,,Geo Web 652,15.0 / 14.5,
Geo,Geo · C/Input/Icon,,#5a5a5a,,icon/secondary,alpha/black/72,alpha/white/72,#000000b8,#ffffffb8,#474747,#bbbbbb,8.1,,Merge,Δ принято,Текст альфой 72/56/40 (05.10),Geo Web 495,8.1 / 8.6,
Geo,Geo · C/Button/Primary/Background,,#1470ff,,action/primary/default,accent/solid → electric-blue/600,accent/solid → electric-blue/600,#105fdb,#105fdb,#105fdb,#105fdb,11.5,,Merge,Δ принято,Цветной текст ≥ 4.5 (06.10),Geo Web 738,,Geo accent/solid = 600 (белый текст ≥ 4.5)
Geo,Geo · C/Button/Primary/Text,,#ffffff,,text/on-accent,accent/on-solid → white,accent/on-solid → white,#ffffff,#ffffff,#ffffff,#ffffff,0.0,,Merge,=,,Geo Web 426,,
Geo,Geo · C/Button/Tertiary/Background,,#ececec,,action/secondary/default,alpha/black/8,alpha/white/8,#00000014,#ffffff14,#ebebeb,#1d1d1d,0.4,,Merge,=,Обводки и плашки альфой (05.10),Geo Web 2 152,,Button · Tertiary
Geo,Geo · C/Button/Tertiary/Text,,#181818,,text/primary,neutral/950,neutral/50,#0a0a0a,#fafafa,#0a0a0a,#fafafa,5.5,,Merge,≈,,Geo Web 976,15.0 / 14.5,
Geo,Geo · C/Button/Tertiary/Icon,,#5a5a5a,,icon/secondary,alpha/black/72,alpha/white/72,#000000b8,#ffffffb8,#474747,#bbbbbb,8.1,,Merge,Δ принято,Текст альфой 72/56/40 (05.10),Geo Web 1 095,8.1 / 8.6,
Geo,Geo · S/Icon/Tertiary,,#5a5a5a,#a2a2a2,icon/secondary,alpha/black/72,alpha/white/72,#000000b8,#ffffffb8,#474747,#bbbbbb,8.1,9.3,Merge,Δ принято,Текст альфой 72/56/40 (05.10),Geo Web 737,8.1 / 8.6,
Geo,Geo · S/Icon/Quantertiary,,#a2a2a2,#a2a2a2,icon/tertiary,alpha/black/56,alpha/white/56,#0000008f,#ffffff8f,#707070,#939393,19.4,5.7,Merge,Δ принято,Текст альфой 72/56/40 (05.10),Geo Web 1 380,4.6 / 5.8,
Geo,Geo · S/Icon/Quinary,,#1470ff,#1470ff,icon/accent,accent/fg-on-light → accent/600 → electric-blue/600,accent/fg-on-dark → accent/400 → electric-blue/400,#105fdb,#3c8eff,#105fdb,#3c8eff,11.5,23.1,Merge,Δ принято,Цветной текст ≥ 4.5 (06.10),Geo Web 498,4.8 / 5.0,
Geo,Geo · C/Logo/Fill,,#181818,,icon/primary,neutral/950,neutral/50,#0a0a0a,#fafafa,#0a0a0a,#fafafa,5.5,,Merge,≈,,Geo Web 2 050,15.0 / 14.5,логотип — контент; проверить
Geo,Geo · S/Status/Success,,#009945,#009945,status/success/solid,green/600,green/500,#38883b,#43a047,#38883b,#43a047,13.3,8.7,Merge,Δ открыто,,Geo Web 600,,статусы системные — у Geo был брендовый зелёный
Geo,Geo · S/Status/Danger,,#ff5f6e,#ff5f6e,status/danger/solid,red/600,red/500,#c4302c,#e53935,#c4302c,#e53935,23.0,21.5,Merge,Δ открыто,,Geo Web 563,,статусы системные
Geo,Geo · C/Modal/Overlay,,#00000080,,surface/overlay,alpha/black/48,alpha/black/64,#0000007a,#000000a3,#858585,#040404,2.3,,Merge,=,,Geo Web 286,,
Geo,Geo · Pallete/Semantic/* (копия legacy Color),,,,как строки Web·App,,,,,,,,,Deprecate,—,,Geo Web 2 334,,локальная копия — мапится как legacy
Geo,Geo · Variable collection/* (Black / Green / Bright white / Electric Blue),,,,по роли слоя,,,,,,,,,Rebind,этап 2,,Geo Web 442,,этап 2
Product,Monitoring · pallete/violet/200,,,#8e42ff,action/primary/default,accent/solid → violet/500,accent/solid → violet/500,#8f42ff,#8f42ff,#8f42ff,#8f42ff,,0.3,Deprecate,=,,Monitoring* 4,,локальный дубль Brand
Product,Monitoring · pallete/red/200,,,#e53733,status/danger/solid,red/600,red/500,#c4302c,#e53935,#c4302c,#e53935,,1.0,Deprecate,=,,Monitoring* 45 · Сайт 65,,локальный дубль
Product,Monitoring · pallete/orange/200,,,#f59f0b,status/warning/solid,amber/500,amber/500,#f59e0b,#f59e0b,#f59e0b,#f59e0b,,0.6,Deprecate,=,,Monitoring* 45 · Сайт 65,,локальный дубль
Product,Monitoring · pallete/green/300,,,#45a148,status/success/solid,green/600,green/500,#38883b,#43a047,#38883b,#43a047,,0.5,Deprecate,=,,Monitoring* 45 · Сайт 65,,локальный дубль
Product,Monitoring · Collection 1/Color 1 [Text],,,#fafafa,text/primary,neutral/950,neutral/50,#0a0a0a,#fafafa,#0a0a0a,#fafafa,,0.0,Deprecate,=,,Monitoring* 78 · Сайт 9,15.0 / 14.5,локальный дубль
Product,Web App · Text Color 3,,,,text/secondary,alpha/black/72,alpha/white/72,#000000b8,#ffffffb8,#474747,#bbbbbb,,,Deprecate,—,,Web App 4,8.1 / 8.6,локальный дубль
Product,Color · border (Web App / Monitoring),,,,—,,,,,,,,,Conflict,Conflict,,Web App 6 · Monitoring* 64 · Firmware 10 · Geo Web 5 · Сайт 37,,в DS Web / App такого нет — уточнить источник
Site,text/neutral/base,,#000000,#f5f5f5,text/primary,neutral/950,neutral/50,#0a0a0a,#fafafa,#0a0a0a,#fafafa,2.7,1.7,Keep,≈,,DS Site 159 · Сайт 37,15.0 / 14.5,
Site,text/neutral/nbold-1,,#7a7a7a,#b9b9b9,text/secondary,alpha/black/72,alpha/white/72,#000000b8,#ffffffb8,#474747,#bbbbbb,21.1,0.7,Keep,Δ принято,Текст альфой 72/56/40 (05.10),DS Site 14 · Сайт 16,8.1 / 8.6,
Site,text/neutral/nbold-2,,#a3a3a3,#a3a3a3,text/tertiary,alpha/black/56,alpha/white/56,#0000008f,#ffffff8f,#707070,#939393,19.8,6.1,Keep,Δ принято,Текст альфой 72/56/40 (05.10),DS Site 25 · Сайт 30,4.6 / 5.8,
Site,text/neutral/nbold-3,,#b9b9b9,#7a7a7a,text/disabled,alpha/black/40,alpha/white/40,#00000066,#ffffff66,#999999,#6c6c6c,11.9,5.6,Keep,Δ принято,Disabled 8 / 40 % (06.10),0,2.8 / 3.7,
Site,text/neutral/nbold-4,,#e0e0e0,#1a1a1a,text/disabled,alpha/black/40,alpha/white/40,#00000066,#ffffff66,#999999,#6c6c6c,26.0,36.4,Merge,Δ принято,Disabled 8 / 40 % (06.10),DS Site 16 · Сайт 27,2.8 / 3.7,почти невидимый текст
Site,text/fixed/white,,#ffffff,#ffffff,fixed/light,white,white,#ffffff,#ffffff,#ffffff,#ffffff,0.0,0.0,Keep,=,,DS Site 3,,
Site,text/fixed/black,,#000000,#000000,fixed/dark,neutral/950,neutral/950,#0a0a0a,#0a0a0a,#0a0a0a,#0a0a0a,2.7,2.7,Keep,≈,,0,,
Site,icon/neutral/base,,#000000,#ffffff,icon/primary,neutral/950,neutral/50,#0a0a0a,#fafafa,#0a0a0a,#fafafa,2.7,1.7,Keep,≈,,Сайт 8,15.0 / 14.5,
Site,icon/neutral/nbold-1,,#7a7a7a,#f5f5f5,icon/secondary,alpha/black/72,alpha/white/72,#000000b8,#ffffffb8,#474747,#bbbbbb,21.1,20.7,Keep,Δ принято,Текст альфой 72/56/40 (05.10),0,8.1 / 8.6,
Site,icon/neutral/nbold-2,,#a3a3a3,#e0e0e0,icon/tertiary,alpha/black/56,alpha/white/56,#0000008f,#ffffff8f,#707070,#939393,19.8,28.2,Keep,Δ принято,Текст альфой 72/56/40 (05.10),0,4.6 / 5.8,
Site,icon/neutral/nbold-3 · nbold-4,,#b9b9b9,#e0e0e0,icon/disabled,alpha/black/40,alpha/white/40,#00000066,#ffffff66,#999999,#6c6c6c,11.9,43.5,Merge,Δ принято,Disabled 8 / 40 % (06.10),0,2.8 / 3.7,
Site,icon/fixed/white,,#ffffff,#ffffff,fixed/light,white,white,#ffffff,#ffffff,#ffffff,#ffffff,0.0,0.0,Keep,=,,0,,
Site,icon/fixed/black,,#000000,#000000,fixed/dark,neutral/950,neutral/950,#0a0a0a,#0a0a0a,#0a0a0a,#0a0a0a,2.7,2.7,Keep,≈,,0,,
Site,icon/brand/base,,#8f42ff,#8f42ff,icon/accent,accent/fg-on-light → accent/600 → violet/600,accent/fg-on-dark → accent/400 → violet/400,#7a38db,#ac65fb,#7a38db,#ac65fb,13.7,22.5,Keep,Δ принято,Цветной текст ≥ 4.5 (06.10),DS Site 12,5.2 / 4.7,
Site,icon/brand/bold-1,,#7f30d6,#ac63fc,icon/accent,accent/fg-on-light → accent/600 → violet/600,accent/fg-on-dark → accent/400 → violet/400,#7a38db,#ac65fb,#7a38db,#ac65fb,3.3,1.7,Merge,≈,Цветной текст ≥ 4.5 (06.10),DS Site 12,5.2 / 4.7,
Site,border/neutral/nbold-1,,#e0e0e0,#2d2d2d,border/default,alpha/black/12,alpha/white/12,#0000001f,#ffffff1f,#e0e0e0,#282828,0.0,2.4,Keep,≈,Обводки и плашки альфой (05.10),DS Site 30 · Сайт 14,,
Site,border/neutral/nbold-2,,#f5f5f5,#1a1a1a,border/subtle,alpha/black/8,alpha/white/8,#00000014,#ffffff14,#ebebeb,#1d1d1d,3.5,1.5,Keep,≈,Обводки и плашки альфой (05.10),DS Site 6 · Сайт 6,,
Site,border/neutral/basic,,#000000,#f5f5f5,border/inverse,neutral/950,white,#0a0a0a,#ffffff,#0a0a0a,#ffffff,2.7,3.5,Keep,≈,,DS Site 24,,
Site,background/neutral/basic,,#ffffff,#0a0a0a,surface/level-0,white,neutral/950,#ffffff,#0a0a0a,#ffffff,#0a0a0a,0.0,0.0,Keep,=,,DS Site 15 · Сайт 4,,
Site,background/neutral/bold-1,,#eeeeee,#1a1a1a,surface/level-1,neutral/100,neutral/850,#f5f5f5,#1a1a1a,#f5f5f5,#1a1a1a,2.4,0.0,Keep,≈,Уровни L0–L3 (05–06.10),DS Site 72,,
Site,background/neutral/bold-2,,#e0e0e0,#232323,surface/level-3,neutral/200,neutral/700,#e0e0e0,#262626,#e0e0e0,#262626,0.0,1.4,Keep,=,Уровни L0–L3 (05–06.10),DS Site 12,,
Site,background/neutral/bold-3,,#0a0a0a,#ffffff,bg/inverse,neutral/950,white,#0a0a0a,#ffffff,#0a0a0a,#ffffff,0.0,0.0,Keep,=,,DS Site 24,,
Site,background/brand/basic,,#8f42ff,#8f42ff,action/primary/default,accent/solid → violet/500,accent/solid → violet/500,#8f42ff,#8f42ff,#8f42ff,#8f42ff,0.0,0.0,Keep,=,,DS Site 18,,
Site,background/brand/bold-1,hover заливки,#7f30d6,#ac63fc,action/primary/default+layer@6,accent/solid → violet/500,accent/solid → violet/500,#873ef0,#964dff,#873ef0,#964dff,8.4,14.9,Deprecate,Δ принято,Слой состояний 6/10 % (06.10),DS Site 12,,
Site,background/brand/nbasic-1,,#f5ecff,#380d66,accent/subtle,accent/tint → alpha/violet/16,accent/glow → alpha/violet/24,#8f42ff29,#8f42ff3d,#ede1ff,#2a1745,6.7,24.8,Keep,Δ открыто,,DS Site 12,,
Site,text/brand/base,,#8f42ff,#8f42ff,text/accent,accent/fg-on-light → accent/600 → violet/600,accent/fg-on-dark → accent/400 → violet/400,#7a38db,#ac65fb,#7a38db,#ac65fb,13.7,22.5,Keep,Δ принято,Цветной текст ≥ 4.5 (06.10),DS Site 3,5.2 / 4.7,
Site,text/brand/bold-1,,#7f30d6,#ac63fc,text/accent,accent/fg-on-light → accent/600 → violet/600,accent/fg-on-dark → accent/400 → violet/400,#7a38db,#ac65fb,#7a38db,#ac65fb,3.3,1.7,Merge,≈,Цветной текст ≥ 4.5 (06.10),0,5.2 / 4.7,
